Date,Open,High,Low,Close,Volume
1/3/12,325.25,332.83,324.97,663.59,7380500.00
1/4/12,331.27,333.87,329.08,666.45,5749400.00
1/5/12,329.83,330.75,326.89,657.21,6590300.00
1/6/12,328.34,328.77,323.68,648.24,5405900.00
1/9/12,322.04,322.29,309.46,620.76,11688800.00
1/10/12,313.7,315.72,307.3,621.43,8824000.00
1/11/12,310.59,313.52,309.4,624.25,4817800.00
1/12/12,314.43,315.26,312.08,627.92,3764400.00
1/13/12,311.96,312.3,309.37,623.28,4631800.00
1/17/12,314.81,314.81,311.67,626.86,3832800.00
1/18/12,312.14,315.82,309.9,631.18,5544000.00
1/19/12,319.3,319.3,314.55,637.82,12657800.00
1/20/12,294.16,294.4,289.76,584.39,21231800.00
1/23/12,291.91,293.23,290.49,583.92,6851300.00
1/24/12,292.07,292.74,287.92,579.34,6134400.00
1/25/12,287.68,288.27,282.13,567.93,10012700.00
1/26/12,284.92,286.17,281.22,566.54,6476500.00
1/27/12,284.32,289.08,283.6,578.39,7262000.00
1/30/12,287.95,288.92,285.63,576.11,4678400.00
1/31/12,290.41,290.91,286.5,578.52,4300700.00
2/1/12,291.38,291.66,288.49,579.24,4658700.00
2/2/12,291.34,292.11,289.95,583.51,4847400.00
2/3/12,294.23,297.42,292.93,594.7,6360700.00
2/6/12,296.39,304.27,295.9,607.42,7386700.00
2/7/12,302.44,303.56,300.75,605.11,4199700.00
2/8/12,303.18,304.53,301.24,608.18,3686400.00
2/9/12,304.87,306.1,303.36,609.79,4546300.00
2/10/12,302.81,302.93,300.87,604.25,4667700.00
2/13/12,304.11,305.77,303.87,610.52,3646100.00
2/14/12,304.63,304.86,301.25,608.09,3620900.00
2/15/12,305.32,305.32,300.15,603.9,4869900.00
2/16/12,300.28,303.27,297.75,604.86,5080700.00
2/17/12,301.36,302.68,300.08,602.98,4916400.00
2/21/12,300.81,307.79,300.31,612.32,4980100.00
2/22/12,304.84,307.24,302.22,606.28,3948700.00
2/23/12,302.37,302.83,299.05,604.45,4125300.00
2/24/12,302.54,304.68,301.62,608.23,3885600.00
2/27/12,302.16,305.04,301.4,607.64,3641300.00
2/28/12,303.86,308.73,302.71,616.7,5716400.00
2/29/12,308.14,311.63,306.6,616.56,6297200.00
3/1/12,309.97,311.68,307.92,620.7,4492000.00
3/2/12,309.84,310.83,309,619.55,3158300.00
3/5/12,309.06,310.08,304.55,612.57,3198400.00
3/6/12,302.89,303.27,295.81,603.3,6372500.00
3/7/12,303.39,304.45,301.8,605.14,2538400.00
3/8/12,303.88,304.61,302.04,605.48,2700900.00
3/9/12,302.84,304.81,298.88,598.61,5361100.00
3/12/12,298.88,302.37,298.51,603.49,3350400.00
3/13/12,303.24,307.77,301.64,616.09,4508300.00
3/14/12,306.35,310.23,305.58,614.3,5895700.00
3/15/12,307.15,310.59,306.27,619.43,4888300.00
3/16/12,309.29,311.79,308.87,623.33,6123800.00
3/19/12,310.4,317.45,309.46,632.24,4361800.00
3/20/12,314.28,316.84,312.46,631.76,3092400.00
3/21/12,316.12,322.49,315.07,638.23,4957600.00
3/22/12,318.06,323.19,314.32,644.28,4838400.00
3/23/12,322.09,323.04,319.25,640.83,3894800.00
3/26/12,321.3,323.53,318.58,647.55,3651900.00
3/27/12,322.31,325.53,321.2,645.25,4029400.00
3/28/12,324.8,328.07,324.32,653.96,5096700.00
3/29/12,325.5,327.07,320.95,646.63,3862900.00
3/30/12,324.66,325.52,319.3,639.48,4638700.00
4/2/12,319.19,322.54,316.23,645.15,4585400.00
4/3/12,321.5,322.77,318.13,640.86,4105000.00
4/4/12,318.03,318.31,314.37,633.41,3267300.00
4/5/12,314.94,317.03,313.11,630.59,4654700.00
4/9/12,313.07,316.48,311.48,629.11,4381600.00
4/10/12,315.58,316.07,311.11,625.14,4982500.00
4/11/12,315.8,316.81,314.47,634.22,4414300.00
4/12/12,319.98,325.35,318.93,649.23,11556300.00
4/13/12,322.57,323.28,310.61,622.89,16379700.00
4/16/12,310.34,310.74,299.71,604.41,11426700.00
4/17/12,303.14,307.69,302.37,607.9,6070400.00
4/18/12,302.89,305.26,300.28,605.79,5358900.00
4/19/12,301.71,306.98,298.38,597.66,6613800.00
4/20/12,301,303.29,296.8,594.43,6139700.00
4/23/12,295.34,298.11,294,595.96,4411900.00
4/24/12,298,302.18,297.54,599.62,3872600.00
4/25/12,300.87,304.53,300.31,608.05,3655800.00
4/26/12,304.31,307.85,303.71,613.78,4200600.00
4/27/12,306.36,307.22,304.16,613.3,3284900.00
4/30/12,305.35,306.89,299.18,603.19,4832600.00
5/1/12,300.77,304.66,298.97,602.78,4019600.00
5/2/12,299.48,302.92,299.18,605.6,3235000.00
5/3/12,303.67,306.27,303.34,609.35,3749900.00
5/4/12,301.83,302.81,297.29,595.34,4431300.00
5/7/12,296.39,304.14,296.39,605.89,4003800.00
5/8/12,301.63,307.3,299.23,611.11,5374600.00
5/9/12,302.28,307.04,299.78,607.48,4675000.00
5/10/12,305.34,306.94,303.98,611.98,3083200.00
5/11/12,304.04,306.13,301.26,603.57,4214400.00
5/14/12,299.27,303.11,299.17,602.35,3662400.00
5/15/12,301.54,306.35,300.75,609.44,4219900.00
5/16/12,307.83,313.87,306.82,627.21,9706300.00
5/17/12,315.73,317.73,309.46,621.34,6732700.00
5/18/12,311.38,315.03,297.24,598.76,11991700.00
5/21/12,299.13,306.7,298.88,612.43,6173800.00
5/22/12,305.57,305.76,296.89,599.16,6126600.00
5/23/12,299.7,303.66,297.45,607.79,6379900.00
5/24/12,303.44,304.82,298.32,602.01,3796600.00
5/25/12,299.38,299.74,293.04,589.91,7190500.00
5/29/12,296.79,298.45,293.06,592.71,5230900.00
5/30/12,292.98,294.84,290.68,586.62,3827600.00
5/31/12,293.26,293.9,288.42,579.27,5958800.00
6/1/12,284.83,285.26,283.11,569.42,6138700.00
6/4/12,284.05,289.16,283.94,577.01,4883500.00
6/5/12,286.65,287.99,282.18,568.85,4697200.00
6/6/12,287.16,289.9,285.73,578.98,4207200.00
6/7/12,292.7,292.85,287.55,576.65,3530100.00
6/8/12,286.85,289.42,286.22,578.86,2831300.00
6/11/12,291.01,291.57,282.29,566.94,5342100.00
6/12/12,283.82,284.09,278.25,563.55,6472500.00
6/13/12,279.81,282.44,278.3,559.55,3923000.00
6/14/12,279.6,281.48,277.22,557.52,4707200.00
6/15/12,279.12,281.21,277.5,562.96,6024800.00
6/18/12,280.26,286.03,278.58,569.29,5012400.00
6/19/12,285.72,291.05,285.49,579.94,4167900.00
6/20/12,288.82,288.92,285.68,575.93,4710800.00
6/21/12,288.84,288.84,280.81,563.66,4037600.00
6/22/12,282.94,284.67,281.85,569.92,4472400.00
6/25/12,282.61,282.98,277.63,559.16,3174900.00
6/26/12,280.33,282.24,278.7,563.13,2710500.00
6/27/12,282.79,285.92,281.95,567.74,3397200.00
6/28/12,281.89,282.06,277.56,562.76,3856100.00
6/29/12,286.41,288.98,285.03,578.48,5057800.00
7/2/12,289.82,290.41,287.17,578.88,3323300.00
7/3/12,288.92,293.11,287.92,586.22,2387800.00
7/5/12,293.28,298.91,293.17,594.29,4709200.00
7/6/12,295.12,295.65,290.32,584.38,4339700.00
7/9/12,291.38,293.2,289.54,584.41,3443000.00
7/10/12,293.99,295.11,288.29,580.11,3860500.00
7/11/12,287.07,287.85,281.42,569.63,7024700.00
7/12/12,282.5,284.9,280,568.92,4636800.00
7/13/12,285.01,288.49,283.21,574.94,3966700.00
7/16/12,287.11,288.51,284.82,573.35,2936100.00
7/17/12,288.14,289.25,283.14,575.15,3372700.00
7/18/12,287.41,290.76,286.99,579.17,3107900.00
7/19/12,291.98,298.12,291.91,591.44,9384300.00
7/20/12,303.24,305.33,297.97,609.15,12975800.00
7/23/12,299.12,308.02,298.01,613.82,7150000.00
7/24/12,306.35,307.81,301.04,605.91,4033800.00
7/25/12,303.02,305.54,301.55,606.33,3659600.00
7/26/12,306.35,307.28,303.88,611.68,3382900.00
7/27/12,308.29,316.31,307.6,633.22,7125900.00
7/30/12,316.84,320.1,313.57,630.57,4389700.00
7/31/12,312.96,317.06,312.94,631.24,3745100.00
8/1/12,317.46,318.56,314.51,630.95,3702900.00
8/2/12,311.59,317.82,310.54,627.03,3970100.00
8/3/12,318.81,320.66,316.88,639.57,3808300.00
8/6/12,318.61,323.48,318.42,641.06,3578000.00
8/7/12,319.7,320.93,317.05,638.79,3978300.00
8/8/12,318.33,321.73,318.06,640.47,2654200.00
8/9/12,321.05,321.98,319.56,640.59,2148500.00
8/10/12,318.1,319.92,316.88,640.24,2879800.00
8/13/12,322.5,328.84,322.13,658.2,6560200.00
8/14/12,328.39,335.17,328.27,666.83,7350800.00
8/15/12,333.89,335.87,330.81,665.71,4839400.00
8/16/12,332.51,336.06,332.29,671.03,3448200.00
8/17/12,335.8,337.36,334.6,675.29,4371600.00
8/20/12,336.49,338.17,335.07,673.69,3529300.00
8/21/12,335.3,337.73,329.85,667.68,4461000.00
8/22/12,332.44,339.03,332.11,675.33,3832600.00
8/23/12,335.88,338.97,334.25,674.95,3581700.00
8/24/12,336.54,338.95,335.78,676.77,2863800.00
8/27/12,330.26,334.75,328.39,667.39,5246900.00
8/28/12,331.26,337.54,331.13,675.4,4132600.00
8/29/12,337.42,343.21,336.81,686.13,6002900.00
8/30/12,340.84,342.41,338.82,679.81,3265900.00
8/31/12,340.72,343,338.75,683.21,4270000.00
9/4/12,341,341.22,335.49,679.18,3793200.00
9/5/12,338.73,341.97,338.3,678.86,3429100.00
9/6/12,341.7,348.64,341.09,697.49,6109700.00
9/7/12,348.69,354.8,347.53,704.22,6490100.00
9/10/12,353.55,355.07,347.89,698.85,5139100.00
9/11/12,347.68,349.02,344.21,690.29,3761500.00
9/12/12,343.42,346.16,339.17,688.99,5304300.00
9/13/12,345.25,353.18,343.98,704.11,5337900.00
9/14/12,353.48,355.17,352.18,707.74,5256500.00
9/17/12,352.73,355.11,351.18,708.04,3027800.00
9/18/12,352.57,357.99,352.07,716.31,4149000.00
9/19/12,357.41,362.92,356.87,725.51,6219700.00
9/20/12,360.88,364.32,359.26,726.13,5836500.00
9/21/12,364.74,366.09,363.7,731.98,12765800.00
9/24/12,364.14,373.62,363.76,747.33,7154200.00
9/25/12,375.12,381.02,372.43,747.11,12162400.00
9/26/12,373.52,379.2,369.12,751.4,11388200.00
9/27/12,378.56,380,374.42,754.43,7891600.00
9/28/12,375.67,378.23,374.17,752.43,5587700.00
10/1/12,378.11,381.07,376.69,759.69,6359700.00
10/2/12,381.17,381.56,373.73,754.92,5601200.00
10/3/12,376.45,380.53,374.7,760.41,4433100.00
10/4/12,379.95,383.51,378.28,765.95,4926700.00
10/5/12,383.92,385.74,381.08,765.55,5492200.00
10/8/12,379.08,380.36,375.67,755.77,3931800.00
10/9/12,378.42,379.24,369.88,742.05,6028900.00
10/10/12,369.54,372.37,367.77,742.52,4095000.00
10/11/12,375.04,377.83,373.74,749.42,4785600.00
10/12/12,374.52,376.03,370.66,742.71,4826400.00
10/15/12,369.58,370.53,363.99,738.95,6060700.00
10/16/12,368.68,372.1,366.85,742.66,4131800.00
10/17/12,370.59,376.76,368.75,753.42,4602900.00
10/18/12,376.36,378.29,336.74,693.1,24977900.00
10/19/12,351.47,352.03,334.75,679.92,23050400.00
10/22/12,339.23,341.04,333.6,676.81,8141500.00
10/23/12,334.75,342.38,334.75,678.49,5855000.00
10/24/12,342.12,342.22,336.37,675.45,5011600.00
10/25/12,338.73,339.73,335.5,675.9,4820100.00
10/26/12,336.99,340.24,334.35,673.3,3916200.00
10/31/12,338.66,339.23,336.24,678.44,3085400.00
11/1/12,338.48,344.16,338.09,685.71,4115500.00
11/2/12,346.1,346.48,342.4,686.04,4666100.00
11/5/12,340.97,342.15,336.52,681.09,3283900.00
11/6/12,341.46,341.97,337.51,679.85,3177300.00
11/7/12,336.24,337.85,332,665.29,4481200.00
11/8/12,333.85,334.49,324.4,650.5,5213300.00
11/9/12,326.1,332.92,323.94,661.21,6251500.00
11/12/12,330.64,333.65,329.2,664.08,2822300.00
11/13/12,330.26,332.55,327.89,657.25,3200200.00
11/14/12,329.1,329.85,324.04,650.76,3349200.00
11/15/12,323.79,328.77,320.75,645.49,3711500.00
11/16/12,321.79,325.29,316.81,645.41,6902000.00
11/19/12,326.63,333.21,326.54,666.38,4754100.00
11/20/12,333.5,337.73,331.04,668.14,4192900.00
11/21/12,333.25,333.65,328.97,664.05,4240200.00
11/23/12,333.73,333.75,331.81,666.14,1851800.00
11/26/12,331.98,332.25,328.28,659.34,4425700.00
11/27/12,328.85,336.24,327.77,668.87,5036100.00
11/28/12,332.76,341.18,330.71,681.8,6106700.00
11/29/12,342.61,345.65,339.73,690,5573700.00
11/30/12,344.36,348.3,341.56,696.46,6350800.00
12/3/12,349.81,351.63,345.76,693.35,4401300.00
12/4/12,346.2,346.46,341.57,689.14,3998200.00
12/5/12,344.78,345.95,339.89,685.94,3738700.00
12/6/12,342.51,346.51,340.98,689.24,2935500.00
12/7/12,346.2,347.14,339.94,682.34,3852900.00
12/10/12,341.42,344.53,340.62,683.54,2743600.00
12/11/12,343.71,349.65,342.58,694.97,5395200.00
12/12/12,348.31,350.44,345.45,695.65,4870100.00
12/13/12,356.62,356.9,348.47,700.78,6915500.00
12/14/12,348.28,352.59,347.91,700.04,4276100.00
12/17/12,351.43,359.61,350.7,718.81,6093400.00
12/18/12,356.96,363.19,356.19,719.1,6032300.00
12/19/12,359.01,360.15,357,718.14,3851500.00
12/20/12,360.28,360.97,357.15,720.38,3326400.00
12/21/12,355.65,358.07,353.93,713.67,7078300.00
12/24/12,355.92,356.25,352.41,707.56,1688000.00
12/26/12,352.71,355.11,349.89,706.93,2373500.00
12/27/12,352.25,353.1,348,704.36,3307000.00
12/28/12,349.53,352.14,348.7,698.09,2814500.00
12/31/12,348.69,353.96,346.7,705.44,4009600.00
1/2/13,358.37,362.14,356.94,721.27,5101500.00
1/3/13,361.11,364.6,359.01,721.69,4653700.00
1/4/13,363.31,369.35,362.48,735.95,5547600.00
1/7/13,366.35,368.31,363.93,732.74,3323800.00
1/8/13,366.4,366.78,360.86,731.29,3364700.00
1/9/13,364.77,367.8,362.94,736.1,4064500.00
1/10/13,370.03,371.11,365.38,739.45,3685000.00
1/11/13,369.61,369.83,366.78,737.96,2579900.00
1/14/13,367.12,369.71,359.83,721.27,5749200.00
1/15/13,358.32,366.13,354.72,722.95,7884700.00
1/16/13,359.85,360.82,355.5,713.23,4061900.00
1/17/13,357.51,358.48,354.18,709.37,4439500.00
1/18/13,353.85,355.05,349.36,702.58,6477700.00
1/22/13,351.01,351.35,346.46,700.95,7613100.00
1/23/13,366.62,373.1,366.52,739.47,11862400.00
1/24/13,369.24,377,368.87,752.15,6790600.00
1/25/13,373.98,377.82,373.72,751.61,4468400.00
1/28/13,374.48,376.39,372.55,748.67,3266300.00
1/29/13,371.98,377.06,371.88,751.62,3507200.00
1/30/13,375.46,379.05,375.05,751.77,3478900.00
1/31/13,373.85,377.4,373.72,753.62,3280500.00
2/1/13,377.68,386.85,377.63,773.48,7520100.00
2/4/13,382.41,383.8,377.72,756.94,6103700.00
2/5/13,379.14,384.12,378.32,763.64,3755300.00
2/6/13,378.12,385.04,377.83,768.06,4171700.00
2/7/13,383.41,387.95,381.32,771.83,5701600.00
2/8/13,388.61,391.87,388.32,783.22,6062700.00
2/11/13,387.75,390.04,385.43,780.28,4351800.00
2/12/13,389.42,392.48,388.23,778.56,3731900.00
2/13/13,388.61,391.21,388.53,780.72,2405200.00
2/14/13,388.41,392.9,387.43,785.66,3483500.00
2/15/13,392.23,395.15,392.07,790.72,5480000.00
2/19/13,396.51,401.99,396.16,804.64,5885500.00
2/20/13,401.15,402.97,394.42,790.29,5549000.00
2/21/13,397.51,401.22,394.13,793.35,7039000.00
2/22/13,398.14,399.13,395.42,797.52,4123100.00
2/25/13,399.65,402.7,393.77,788.6,4625000.00
2/26/13,396.02,396.49,390.74,787.97,4421500.00
2/27/13,395.92,400.87,394.08,797.59,4067300.00
2/28/13,399.05,401.99,399.02,799.01,4548500.00
3/1/13,397.41,402.06,396.59,803.98,4367000.00
3/4/13,401.15,409.88,401,819.25,5571900.00
3/5/13,412.92,418.51,412.9,836.3,8118400.00
3/6/13,418.94,420.42,412.86,829.1,5767400.00
3/7/13,415.47,416.75,413.24,830.32,4120700.00
3/8/13,415.69,415.9,410.98,829.24,5845600.00
3/11/13,414.29,418.28,414.2,832.53,3201200.00
3/12/13,413.8,414.39,410.3,825.34,4031600.00
3/13/13,412.4,413.79,409.62,823.05,3294800.00
3/14/13,411.95,411.95,407.17,819.29,3314700.00
3/15/13,407.72,408.62,405.15,812.07,6222500.00
3/18/13,401,404.86,399.24,805.58,3690300.00
3/19/13,404.11,408.1,401.72,809.1,4212000.00
3/20/13,406.89,407.23,404.2,812.48,2938500.00
3/21/13,404.13,406.93,403.41,809.04,2966200.00
3/22/13,405.85,406.1,403.31,808.09,2987400.00
3/25/13,404.69,408.09,401.9,807.42,3436800.00
3/26/13,405.23,405.48,402.39,810.2,2392600.00
3/27/13,401.83,401.99,399.17,800.46,4342500.00
3/28/13,400.49,401.18,395.17,792.02,4592600.00
4/1/13,396.02,399.63,395.14,799,3628100.00
4/2/13,400.77,405.89,400.5,810.81,4098200.00
4/3/13,405.21,405.58,398.84,803.99,3489900.00
4/4/13,400.62,401.37,394.17,792.89,4913400.00
4/5/13,391.56,392.03,386.75,780.91,6893400.00
4/8/13,387.92,388.32,382.77,772.73,5685300.00
4/9/13,386.3,390.41,385.11,775.52,4330700.00
4/10/13,390,394.7,386.55,788.02,3971900.00
4/11/13,394.96,395.07,390.57,788.23,4072500.00
4/12/13,394.52,394.57,390,787.89,3285500.00
4/15/13,391.51,397.01,387.06,779.79,4924500.00
4/16/13,391.83,396.51,390.5,791.2,3496900.00
4/17/13,391.91,393.94,387.6,780.42,4089100.00
4/18/13,391.21,391.43,379.21,763.81,6669800.00
4/19/13,383.14,400.22,381.7,797.68,11649800.00
4/22/13,398.81,400.48,386.05,797.92,5788300.00
4/23/13,399,406.23,398.69,805.69,4601600.00
4/24/13,402.55,407.47,402.49,811.22,3671800.00
4/25/13,406.6,406.71,402.31,806.88,3999200.00
4/26/13,402.29,402.36,396.8,799.23,4993900.00
4/29/13,400.13,409.81,400,816.82,4618800.00
4/30/13,407.97,412.27,407.31,822.31,4630600.00
5/1/13,410.09,410.82,406.66,818.18,2920800.00
5/2/13,408.52,415.72,408,827.34,4051600.00
5/3/13,416.92,421.82,416.44,843.4,5044000.00
5/6/13,422.55,429.32,422.55,859.19,4298500.00
5/7/13,429.89,430.32,423.75,854.88,3932600.00
5/8/13,426.9,435.31,424.86,871.24,4955000.00
5/9/13,433.79,438.19,432.49,869.09,4417600.00
5/10/13,436.02,438.63,434.45,877.82,3809500.00
5/13/13,437.8,439.59,435.06,875.13,2907700.00
5/14/13,437.11,442.69,436.93,884.67,3170300.00
5/15/13,446.08,456.48,445.34,913.38,8001600.00
5/16/13,457.78,458.27,449.32,901.4,6443200.00
5/17/13,453.31,455.04,448.58,906.69,5604800.00
5/20/13,450.81,458.58,450.81,906.04,4562300.00
5/21/13,452.31,454.13,447.13,904.49,3980700.00
5/22/13,449.59,452.96,441.78,886.98,5140300.00
5/23/13,436.86,443.32,435.37,880.37,4567200.00
5/24/13,436,437.77,433.88,870.93,4610700.00
5/28/13,440.1,444.4,438.56,878.86,4531900.00
5/29/13,436.22,437.36,430.53,865.93,4041800.00
5/30/13,433.34,437.81,431.59,868.38,4257200.00
5/31/13,432.44,436.86,432.14,868.83,3953500.00
6/3/13,434.87,435.35,425.91,865.25,4969900.00
6/4/13,432.3,433.67,425.44,856.75,3751100.00
6/5/13,429.64,433.1,426.96,857.35,4229300.00
6/6/13,430.54,431.55,422.03,862.27,5177400.00
6/7/13,433.58,438.36,431.04,877.32,5369200.00
6/10/13,439.4,443.84,438.4,887.78,4693000.00
6/11/13,440.33,441.84,438.12,877.4,3528300.00
6/12/13,441.08,441.35,433.2,869.59,4426100.00
6/13/13,432.87,438.19,431.13,874.6,4155200.00
6/14/13,438.41,440.7,435.43,872.64,4506700.00
6/17/13,437.97,443.05,437.5,883.82,4308500.00
6/18/13,442.67,448.82,442.52,898.15,4350000.00
6/19/13,449,453.72,447.07,898.21,5853600.00
6/20/13,445.33,448.82,440.01,882.32,6769200.00
6/21/13,442.51,443.28,434.9,878.52,7994300.00
6/24/13,434.31,436.52,430.01,867.41,6056300.00
6/25/13,436.99,438.2,430.64,863.83,5125500.00
6/26/13,435.24,437.36,433.66,871.26,3676400.00
6/27/13,437.76,440.69,436.69,874.67,3867300.00
6/28/13,435.82,439.27,435.46,877.96,4716100.00
7/1/13,441.57,444.37,440.85,885.45,3462400.00
7/2/13,443.44,443.84,437,879.89,3797000.00
7/3/13,438.31,442.92,437.61,884,2101700.00
7/5/13,443.34,446.03,442.01,891.04,3416500.00
7/8/13,447.93,451.44,446.87,902.61,3953700.00
7/9/13,453.8,454.77,447.31,902.76,3973500.00
7/10/13,450.04,453.87,448.51,903.51,3429500.00
7/11/13,454.8,458.69,452.56,917.72,5187700.00
7/12/13,458.28,459.78,455.91,920.47,5155600.00
7/15/13,460.42,462.27,456.47,922.16,3935600.00
7/16/13,461.83,462.25,455.24,917.09,3980700.00
7/17/13,458.78,461.7,456.44,916.04,3023400.00
7/18/13,457.78,458.28,449.91,908.19,7296100.00
7/19/13,441.65,449.79,436.17,894.15,14773700.00
7/22/13,449.32,454.63,446.83,908.21,5828100.00
7/23/13,453.65,454.8,448.11,901.33,4106600.00
7/24/13,451.94,453.45,448.67,900.43,4172500.00
7/25/13,445.27,446.75,441.39,885.27,6024600.00
7/26/13,441.84,443.33,439.35,882.93,3568600.00
7/29/13,440.8,445.74,438.8,879.85,3797800.00
7/30/13,441.08,446.13,438.79,888.48,3524300.00
7/31/13,444.83,446.58,441.44,885.32,4363200.00
8/1/13,445.83,450.59,445.83,901.74,4292700.00
8/2/13,450.03,451.81,448.73,904.09,3440600.00
8/5/13,451,451.07,447.92,902.52,2629100.00
8/6/13,450.66,453.16,446.19,894.12,3023400.00
8/7/13,445.85,447.55,442.88,888.21,2768600.00
8/8/13,446.07,446.25,440.99,890.22,2987000.00
8/9/13,443.62,446.09,443.34,887.97,2657200.00
8/12/13,441.79,441.84,439.18,883.09,2764200.00
8/13/13,441.76,442.59,436.46,878.84,2850200.00
8/14/13,437.54,438.47,431.96,867.43,4179900.00
8/15/13,430.61,430.85,427.4,857.31,3752300.00
8/16/13,429.03,429.61,426.67,854.56,3362700.00
8/19/13,427.25,434.37,427.12,863.28,3635300.00
8/20/13,432.55,434.43,430.16,863.05,2475100.00
8/21/13,433.7,436.82,431.63,866.95,3527700.00
8/22/13,434.72,435.74,433.5,871.32,1746200.00
8/23/13,437.28,437.36,433.25,867.83,2162200.00
8/26/13,433.38,435.82,431.41,864.02,2112800.00
8/27/13,428.2,430.25,422.37,847.82,3481100.00
8/28/13,423.54,426.11,422.3,846.23,2669700.00
8/29/13,422.95,428.58,422.71,853.09,2968000.00
8/30/13,426.28,427.42,421.2,844.58,3737100.00
9/3/13,425.58,431.48,425.38,858.02,4110400.00
9/4/13,428.57,435.12,425.99,869.24,4097600.00
9/5/13,435.12,438.3,434.18,877.15,2592100.00
9/6/13,439.57,440.24,435.24,877.17,3134800.00
9/9/13,440.21,443.21,439.56,885.62,2478300.00
9/10/13,443.35,444.33,440.35,886.24,2584700.00
9/11/13,442.61,446.81,441.39,893.74,3233200.00
9/12/13,447.02,447.27,443.34,890.61,2199100.00
9/13/13,445.58,446.17,440.77,886.64,2660600.00
9/16/13,446.43,446.83,440.78,885.33,2682900.00
9/17/13,442.05,442.54,438.86,883.68,2528200.00
9/18/13,441.52,450.3,439.89,900.85,3883800.00
9/19/13,451.3,451.3,446.03,895.93,3207600.00
9/20/13,447.52,450.38,446.14,900.64,8723000.00
9/23/13,446.4,449.11,440.95,884.07,3568000.00
9/24/13,441.59,443.39,439.05,884.41,2984600.00
9/25/13,441.62,441.62,436.17,874.83,3310200.00
9/26/13,437.51,439.73,435.87,875.77,2529200.00
9/27/13,435.78,437.12,434.03,873.99,2527000.00
9/30/13,432.92,438.78,432.53,873.51,3457600.00
10/1/13,438.48,442.18,438.38,884.57,3382100.00
10/2/13,439.72,443.02,437.27,885.56,3001700.00
10/3/13,442.34,445.38,434.42,873.69,4249800.00
10/4/13,435.87,437.12,433.38,869.96,2726100.00
10/7/13,432.11,435.36,430.44,863.37,2596800.00
10/8/13,431.04,431.37,424.22,851.33,3901800.00
10/9/13,426.54,429.71,419.92,853.52,5322400.00
10/10/13,430.31,432.79,428.5,865.86,4527400.00
10/11/13,431.4,435.11,431.03,869.6,2828300.00
10/14/13,431.71,436.49,431.08,873.71,2496400.00
10/15/13,436.24,441.16,435.37,879.6,3195600.00
10/16/13,441.28,447.49,440.35,895.57,4030200.00
10/17/13,444.83,446.78,441.21,886.36,8545000.00
10/18/13,486.47,505.83,485.18,"1,008.64",23219400.00
10/21/13,503.84,507.6,497.91,"1,000.55",7283700.00
10/22/13,500.62,504.61,496.04,"1,004.24",4433700.00
10/23/13,498.63,515.44,498.45,"1,028.59",5346300.00
10/24/13,514.01,518.34,510.49,"1,022.74",4199700.00
10/25/13,512.49,512.49,503.48,"1,012.42",4076100.00
10/28/13,505.7,509.8,504.6,"1,012.22",2326000.00
10/29/13,507.65,516.53,504.86,"1,033.40",3222000.00
10/30/13,516.78,516.82,511.08,"1,027.60",2658000.00
10/31/13,512.54,518.82,510.07,"1,027.76",3292200.00
11/1/13,513.97,516.07,510.64,"1,024.23",2576100.00
11/4/13,513.82,514.26,509.11,"1,023.30",2286000.00
11/5/13,508.27,513.9,506.81,"1,018.72",2371500.00
11/6/13,510.89,511.58,505.79,"1,019.95",1832600.00
11/7/13,509.4,510.05,501.94,"1,005.19",3371700.00
11/8/13,502.49,507.35,502.37,"1,013.25",2591100.00
11/11/13,502.87,506.07,502.12,"1,007.82",2233500.00
11/12/13,501.97,506.88,500.62,"1,009.01",2445200.00
11/13/13,501.5,514.5,501.37,"1,029.64",3170500.00
11/14/13,515.03,517.93,513.25,"1,032.40",2342100.00
11/15/13,515.5,517.06,513.23,"1,030.73",2562100.00
11/18/13,515.94,522.41,512.7,"1,028.73",3532500.00
11/19/13,513.93,515.44,509.61,"1,022.39",2271600.00
11/20/13,513.05,514.75,508.27,"1,019.51",1934500.00
11/21/13,511.58,517.22,511.08,"1,031.24",2191700.00
11/22/13,514.78,516.15,512.69,"1,029.06",2517700.00
11/25/13,516.64,524.63,515.58,"1,043.07",3238000.00
11/26/13,522.34,528.77,519.52,"1,055.51",4589600.00
11/27/13,529.03,532.01,528.02,"1,060.20",2255500.00
11/29/13,529.1,531.32,527.75,"1,056.69",2394400.00
12/2/13,529.77,531.18,523.42,"1,051.59",2756600.00
12/3/13,523.51,529.73,522.55,"1,050.38",3364700.00
12/4/13,523.72,530,523.04,"1,055.28",2392000.00
12/5/13,526.63,527.85,523.58,"1,054.45",2275800.00
12/6/13,532.9,533,528.06,"1,066.94",2868200.00
12/9/13,533.5,539.13,532.02,"1,075.19",2976200.00
12/10/13,536.07,544.12,535.82,"1,081.69",3721600.00
12/11/13,541.67,543.62,535.58,"1,074.34",3436400.00
12/12/13,537.77,539.45,532.5,"1,067.03",3204800.00
12/13/13,535.69,536.14,526.97,"1,057.89",4340900.00
12/16/13,530.01,535.34,529.02,"1,070.04",3216000.00
12/17/13,534.41,538.36,532.2,"1,066.93",3082800.00
12/18/13,533.92,540.45,527.54,"1,081.78",4437100.00
12/19/13,538.37,543.96,537.53,"1,083.25",3343800.00
12/20/13,542.12,548.53,541.97,"1,097.61",6547600.00
12/23/13,551.85,555.82,550.5,"1,112.05",3456000.00
12/24/13,555.4,555.54,551.98,"1,108.80",1473800.00
12/26/13,554.92,557.41,552.27,"1,114.40",2685500.00
12/27/13,557.91,558.05,554.39,"1,115.34",3151100.00
12/30/13,558.08,558.16,552.44,"1,106.42",2481300.00
12/31/13,554.04,558.41,551.06,"1,117.64",2725900.00
1/2/14,555.65,556.79,552.06,"1,110.07",3656400.00
1/3/14,555.42,556.38,550.4,"1,101.97",3345800.00
1/6/14,554.43,557.34,551.15,"1,114.26",3551800.00
1/7/14,560.4,567.72,558.49,"1,135.74",5124300.00
1/8/14,570.86,571.52,564.53,"1,138.11",4501700.00
1/9/14,569.59,569.97,560.68,"1,127.15",4184500.00
1/10/14,567.41,567.41,559.03,"1,127.09",4302900.00
1/13/14,561.13,571.31,556.5,"1,119.91",4855800.00
1/14/14,566.85,573.35,561.94,"1,146.25",4983700.00
1/15/14,574.34,575.34,569.76,"1,145.48",3915000.00
1/16/14,572.4,576.8,571.86,"1,153.05",3380300.00
1/17/14,576.27,578.15,569.96,"1,147.38",5422800.00
1/21/14,578.3,579.83,573.5,"1,160.51",3974500.00
1/22/14,581.13,581.76,577.27,"1,161.83",3154500.00
1/23/14,577.83,579.07,575.03,"1,156.92",3912700.00
1/24/14,573.36,574.62,559.4,"1,120.75",7814000.00
1/27/14,560.95,561.15,539.11,"1,098.21",8739800.00
1/28/14,553.09,560.77,552.9,"1,119.94",4436900.00
1/29/14,557.47,558.78,547.66,"1,103.89",4777500.00
1/30/14,570.36,574.09,561.52,"1,132.28",10220800.00
1/31/14,583.49,591.05,573.42,"1,177.74",11174200.00
2/3/14,587.4,588.65,563.89,"1,130.33",9172400.00
2/4/14,566.87,575.34,566.38,"1,135.04",5644800.00
2/5/14,569.56,573.24,561.9,"1,140.07",4806800.00
2/6/14,573.42,577.91,571.63,"1,156.78",3907600.00
2/7/14,581.63,586.75,578.11,"1,174.22",5292000.00
2/10/14,583.71,588.99,582.33,"1,169.72",3904800.00
2/11/14,587.88,593.71,583.92,"1,186.92",4116900.00
2/12/14,592.28,592.78,588.48,"1,183.44",3461800.00
2/13/14,588.17,597.71,587.63,"1,196.61",3686400.00
2/14/14,595.57,599.95,594.17,"1,199.51",4389700.00
2/18/14,598.46,604.17,597.76,"1,207.56",4233500.00
2/19/14,600.4,602.35,596.51,"1,199.05",4222900.00
2/20/14,599.32,601.19,597.87,"1,200.81",3414300.00
2/21/14,601.65,602.68,599.17,"1,200.49",3738500.00
2/24/14,600.43,607.8,600.3,"1,209.19",3361100.00
2/25/14,605.7,609.96,602.95,"1,216.66",2888100.00
2/26/14,609.71,612.15,604.61,"1,216.83",3979100.00
2/27/14,606.92,609.83,606.23,"1,215.87",2529400.00
2/28/14,607.89,609.81,600.86,"1,212.32",4644500.00
3/3/14,601.12,601.66,593.84,"1,199.40",4225300.00
3/4/14,605.23,605.73,602.49,"1,211.58",2946300.00
3/5/14,605.26,609.26,603.44,"1,214.92",2479700.00
3/6/14,608.86,610.79,607.02,"1,216.27",2545600.00
3/7/14,611.11,611.2,603.46,"1,211.46",3041500.00
3/10/14,605.58,606.55,599.8,"1,208.25",2438200.00
3/11/14,604.62,604.89,596.09,"1,196.70",3438800.00
3/12/14,595.97,601.67,589.88,"1,203.99",3943200.00
3/13/14,601.72,602.99,590.17,"1,185.80",4708600.00
3/14/14,588.79,593.21,584.08,"1,169.59",4604900.00
3/17/14,587.42,596.3,586.86,"1,188.84",4340300.00
3/18/14,595.1,603.5,594.3,"1,207.94",3643500.00
3/19/14,603.64,603.73,594.97,"1,195.97",3237800.00
3/20/14,597.73,602.55,595.45,"1,193.88",3381900.00
3/21/14,600.9,602.56,589.02,"1,179.80",6441000.00
3/24/14,589.88,590.24,570.84,"1,154.76",6096800.00
3/25/14,580.82,582.74,571.36,"1,155.55",4838400.00
3/26/14,578.84,583.6,563.64,"1,128.87",5179200.00
3/27/14,566.44,566.44,551.41,556.93,13100.00
3/28/14,559.66,564.88,557.14,558.46,41200.00
3/31/14,565.34,565.45,555.41,555.45,10800.00
4/1/14,557.18,566.89,557.18,565.61,7900.00
4/2/14,598.35,603.17,560.65,565.45,147100.00
4/3/14,568.29,585.67,562.59,568.18,5099100.00
4/4/14,573.08,576.19,541.51,541.65,6369300.00
4/7/14,539.26,546.98,525.71,536.68,4401600.00
4/8/14,541.11,553.48,540.13,553.38,3151200.00
4/9/14,558.09,563.82,551.44,562.6,3330800.00
4/10/14,563.45,563.45,538.42,539.47,4036800.00
4/11/14,531.09,538.52,525.09,529.15,3924800.00
4/14/14,536.78,542.61,528.11,531.06,2575000.00
4/15/14,535.35,536.98,517.04,534.97,3855000.00
4/16/14,541.51,555.47,538.52,555.02,4893200.00
4/17/14,547.31,548,529.7,534.63,6809500.00
4/21/14,534.63,535.23,524.16,527.17,2566700.00
4/22/14,527.19,535.76,526.07,533.35,2365300.00
4/23/14,532.33,532.41,524.81,525.5,2052300.00
4/24/14,528.62,530.19,520.69,523.72,1883100.00
4/25/14,521.08,523.26,514.01,514.77,2100300.00
4/28/14,515.76,517.18,501.42,515.73,3335500.00
4/29/14,515.48,528.01,514.91,526.26,2699000.00
4/30/14,526.16,526.55,521.09,525.22,1751100.00
5/1/14,525.67,531.47,522.45,529.9,1905500.00
5/2/14,532.3,532.54,524.17,526.48,1688500.00
5/5/14,523.38,527.45,519.89,526.36,1024100.00
5/6/14,523.79,525.37,513.65,513.73,1689000.00
5/7/14,514.38,515.27,501.92,508.56,3224300.00
5/8/14,507.07,515.81,505.06,509.6,2021300.00
5/9/14,509.35,518.48,502.82,517.31,2439400.00
5/12/14,522.08,528.74,517.59,528.47,1912500.00
5/13/14,529.44,534.6,528.06,531.63,1653400.00
5/14/14,531.54,531.54,523.85,525.21,1191700.00
5/15/14,524.26,524.43,516,518.56,1704300.00
5/16/14,519.96,520.37,514.03,519.2,1485200.00
5/19/14,518.28,528.33,516.17,527.41,1277700.00
5/20/14,528.29,534.76,524.86,528.32,1784700.00
5/21/14,531.44,537.71,530.45,537.46,1196200.00
5/22/14,539.65,546.1,539.3,543.57,1615800.00
5/23/14,545.76,552.12,542.21,551.19,1932100.00
5/27/14,554.48,564.45,552.83,564.4,2104100.00
5/28/14,563.02,566.29,559.46,560.14,1652000.00
5/29/14,561.81,562.46,557.18,558.55,1354100.00
5/30/14,559.26,559.81,554.39,558.36,1771100.00
6/2/14,559.16,559.36,544.24,552.41,1435000.00
6/3/14,549.48,550.83,541.06,543.45,1866600.00
6/4/14,540.02,547.11,537.27,543.17,1816400.00
6/5/14,544.9,553.43,542.96,552.38,1689100.00
6/6/14,556.53,556.53,547.43,554.81,1736700.00
6/9/14,555.62,561.36,554.52,560.58,1467500.00
6/10/14,558.98,562.06,556.37,559.02,1351700.00
6/11/14,556.47,558.35,553.5,557.31,1100100.00
6/12/14,555.77,556.46,546.96,549.84,1458400.00
6/13/14,550.75,550.79,544.07,550.25,1220500.00
6/16/14,547.76,548.12,540.04,542.79,1702500.00
6/17/14,542.71,543.83,537.85,541.52,1444500.00
6/18/14,543.37,552.04,542.51,551.85,1741700.00
6/19/14,552.72,553.48,547.01,553.38,2456800.00
6/20/14,555.33,556.05,548.89,554.84,4508300.00
6/23/14,553.63,563.45,552.73,563.4,1536800.00
6/24/14,563.64,571.08,559.47,563.07,2207100.00
6/25/14,563.71,578.37,563.67,577.07,1969300.00
6/26/14,579.41,580.86,570.28,574.42,1741900.00
6/27/14,575.6,578.28,572.23,575.66,2236900.00
6/30/14,577.08,577.98,573.18,573.7,1313700.00
7/1/14,576.74,582.8,575.07,581.07,1447900.00
7/2/14,581.75,583.84,578.8,580.74,1056300.00
7/3/14,581.75,583.41,579.33,583.13,714100.00
7/7/14,582.16,584.82,578,580.66,1064600.00
7/8/14,576.08,577.94,564.58,569.53,1909500.00
7/9/14,570.02,575.14,567.82,574.5,1116700.00
7/10/14,564.36,575.01,563.46,569.54,1356700.00
7/11/14,570.34,579.26,569.86,577.59,1621700.00
7/14/14,581,583.61,576.45,583.27,1854000.00
7/15/14,584.14,584.2,574.98,583.18,1623000.00
7/16/14,586.39,586.79,580.61,581.06,1397100.00
7/17/14,577.94,579.4,567.05,572.16,3016500.00
7/18/14,591.38,595.17,580.41,593.45,4014100.00
7/21/14,590.13,592.77,583.63,587.86,2062100.00
7/22/14,589.1,598.01,588.98,593.11,1699100.00
7/23/14,591.61,596.21,590.88,594.35,1233100.00
7/24/14,594.82,597.86,590.15,591.73,1035100.00
7/25/14,588.78,590.24,585.42,587.41,932400.00
7/28/14,586.46,590.88,583.15,588.98,986800.00
7/29/14,587.14,588.09,581.92,584.01,1349800.00
7/30/14,584.94,587.89,582.4,585.81,1016400.00
7/31/14,579.01,582.05,568.44,570.03,2102700.00
8/1/14,568.84,574.38,561.31,564.52,1955200.00
8/4/14,567.48,573.77,562.56,571.58,1427300.00
8/5/14,568.49,570.41,561.07,563.52,1551200.00
8/6/14,560.24,569.14,558.47,564.82,1334300.00
8/7/14,566.44,568.33,559.56,561.82,1110900.00
8/8/14,562.02,568.69,558.82,567.21,1494700.00
8/11/14,568.43,568.93,564.45,566.33,1214700.00
8/12/14,562.97,564.35,559.34,561.19,1542000.00
8/13/14,565.76,573.43,564.2,573.21,1439200.00
8/14/14,574.6,576.32,569.32,573.08,985400.00
8/15/14,576.28,577.79,568.96,571.91,1519100.00
8/18/14,574.53,582.91,574.42,580.57,1284100.00
8/19/14,583.4,585.73,582.4,585.25,978600.00
8/20/14,584.28,585.09,580.97,582.89,1036700.00
8/21/14,582.22,582.9,579.55,581.77,914800.00
8/22/14,581.99,583.63,579.05,580.96,789000.00
8/25/14,583.12,583.4,577.41,578.61,1361400.00
8/26/14,579.67,580.21,575,576.28,1639600.00
8/27/14,575.69,576.91,568.54,569.44,1703300.00
8/28/14,568,571.68,565.55,567.64,1292900.00
8/29/14,569.77,570.47,565.52,570.03,1083700.00
9/2/14,570.28,576.25,569.63,575.75,1578400.00
9/3/14,578.41,581.39,573.43,576.36,1215100.00
9/4/14,578.41,584.4,577.63,580.39,1458100.00
9/5/14,582.38,584.94,580.36,584.48,1632300.00
9/8/14,584.99,590.15,584.69,588.11,1431000.00
9/9/14,587.29,587.39,578.41,579.42,1287200.00
9/10/14,579.91,581.9,575.36,581.5,977300.00
9/11/14,578.77,580.22,574.68,579.76,1221000.00
9/12/14,579.41,580.05,572.89,574.04,1601600.00
9/15/14,571.37,573.38,566.65,571.53,1597500.00
9/16/14,571.19,579.91,571.09,578.36,1480300.00
9/17/14,578.42,585.91,577.19,583.17,1692800.00
9/18/14,585.39,587.93,583.4,587.66,1444500.00
9/19/14,589.88,594.85,587.89,594.45,3736600.00
9/22/14,592.19,592.32,581.86,585.76,1689500.00
9/23/14,585.24,585.24,579.41,579.54,1471400.00
9/24/14,579.87,588.02,578.93,586.38,1728100.00
9/25/14,585.94,586.37,572.61,573.49,1925900.00
9/26/14,574.48,577.66,573.09,575.52,1443600.00
9/29/14,570.18,576.61,569.61,574.78,1282400.00
9/30/14,575.35,578.26,571.28,575.78,1621700.00
10/1/14,574.43,576,565.46,566.71,1445400.00
10/2/14,565.76,570.34,561.78,568.52,1178400.00
10/3/14,571.48,575.64,570.93,573.7,1141700.00
10/6/14,577.22,579.41,572.87,575.77,1214600.00
10/7/14,572.83,573.69,562.2,562.2,1911300.00
10/8/14,564.02,572.31,555.96,570.93,1990800.00
10/9/14,569.62,569.93,557.53,559.34,2524800.00
10/10/14,556.19,563.58,542.56,543,3081900.00
10/13/14,543.5,548,531.64,531.75,2581600.00
10/14/14,537.42,545.69,531.71,536.47,2222500.00
10/15/14,529.56,531.34,516.88,528.58,3719300.00
10/16/14,517.58,527.98,513.59,523.07,3708500.00
10/17/14,525.81,529.53,507.14,509.77,5539300.00
10/20/14,508.06,520.33,506.71,519.41,2607500.00
10/21/14,523.75,525.35,517.69,525.1,2336200.00
10/22/14,528.44,538.32,527.35,531.25,2919200.00
10/23/14,537.84,545.72,534.38,542.49,2348800.00
10/24/14,542.87,543.39,534.32,538.3,1973100.00
10/27/14,535.56,542.92,535.56,539.29,1185300.00
10/28/14,541.51,547.48,540.14,547.4,1270900.00
10/29/14,548.49,552.67,545.48,547.83,1770500.00
10/30/14,547.45,551.29,542.02,548.8,1455600.00
10/31/14,557.82,558.04,553.23,557.55,2035000.00
11/3/14,553.98,556.37,551.72,553.7,1382200.00
11/4/14,551.49,553.98,547.8,552.59,1244200.00
11/5/14,555.28,555.28,542.56,544.43,2032200.00
11/6/14,544.01,545.39,539.49,540.56,1333200.00
11/7/14,544.71,544.71,537.2,539.53,1633700.00
11/10/14,539.98,548.09,539.54,545.99,1134600.00
11/11/14,546.99,550.43,544.8,548.78,965500.00
11/12/14,548.88,548.95,543.68,545.81,1129600.00
11/13/14,548.29,548.29,541.99,543.89,1339300.00
11/14/14,545.18,545.18,540.67,542.91,1289500.00
11/17/14,542.09,542.3,532.6,535.04,1726000.00
11/18/14,536.03,540.46,532.71,533.57,1962600.00
11/19/14,533.54,536.77,528.63,535.52,1392200.00
11/20/14,529.8,533.64,529.63,533.37,1563300.00
11/21/14,540.13,540.66,535.09,536.03,2224200.00
11/24/14,536.18,541.21,534.15,537.79,1706300.00
11/25/14,537.52,542.49,537.13,539.6,1789900.00
11/26/14,539.4,540.07,535.57,538.89,1522900.00
11/28/14,539.14,540.52,535.13,540.35,1148300.00
12/1/14,537.42,539.93,530.4,532.34,2115300.00
12/2/14,532.05,534.03,528.35,532.29,1526600.00
12/3/14,529.98,534.53,527.81,529.87,1277900.00
12/4/14,529.71,535.87,527.14,535.84,1392100.00
12/5/14,529.55,531.43,522.84,523.82,2565600.00
12/8/14,525.69,529.55,522.36,525.54,2329300.00
12/9/14,520.71,532.73,519.07,531.91,1871300.00
12/10/14,531.62,534.86,524.12,524.62,1712200.00
12/11/14,526.35,532.46,525.66,526.89,1610800.00
12/12/14,522.08,527.05,517.24,517.24,1994500.00
12/15/14,521.31,521.67,511.86,512.39,2813400.00
12/16/14,510.16,511.65,487.66,494.03,3964200.00
12/17/14,495.64,505.61,495.45,503.51,2883100.00
12/18/14,511.55,512.46,503.32,509.7,2926700.00
12/19/14,510.11,516.3,505.52,514.94,3690200.00
12/22/14,514.67,525.02,514.67,523.43,2723700.00
12/23/14,525.56,533.1,524.85,529.14,2197600.00
12/24/14,529.06,530.3,525.58,527.32,705900.00
12/26/14,527.32,532.79,525.87,532.57,1040500.00
12/29/14,530.73,534.01,528.56,528.88,2278500.00
12/30/14,526.64,529.7,525.69,528.97,876200.00
12/31/14,529.8,531.14,524.36,524.96,1368200.00
1/2/15,527.56,529.82,522.67,523.37,1447500.00
1/5/15,521.83,522.89,511.66,512.46,2059800.00
1/6/15,513.59,514.76,499.68,500.59,2899900.00
1/7/15,505.61,505.86,498.28,499.73,2065000.00
1/8/15,496.63,502.1,489.66,501.3,3353500.00
1/9/15,503.38,503.54,493.44,494.81,2071300.00
1/12/15,493.58,494.62,486.23,491.2,2326700.00
1/13/15,497.47,501.6,491.04,494.82,2370400.00
1/14/15,493.3,501.85,491.65,499.5,2215500.00
1/15/15,504.19,504.3,496.4,500.42,2715800.00
1/16/15,498.64,506.8,498.63,506.69,2298200.00
1/20/15,509.6,511.1,504.63,505.51,2232000.00
1/21/15,505.86,517.86,504.81,516.62,2268700.00
1/22/15,520.05,534.86,518.28,532.93,2676900.00
1/23/15,534.12,540.69,531.54,538.47,2281700.00
1/26/15,537.06,537.52,528.22,533.74,1543700.00
1/27/15,528.52,529.25,516.77,517.21,1904000.00
1/28/15,521.35,521.56,508.6,508.6,1683800.00
1/29/15,509.6,509.69,499.83,509.26,4186300.00
1/30/15,514.45,538.39,514.11,533.06,5606300.00
2/2/15,530.27,531.54,517.13,527.03,2849800.00
2/3/15,526.55,531.94,521.83,527.79,2038600.00
2/4/15,527.79,531.21,519.84,521.33,1663600.00
2/5/15,522.36,527.05,520.66,526.14,1849700.00
2/6/15,526.2,535.73,524.97,529.55,1763500.00
2/9/15,526.55,530.54,524.58,526.38,1267700.00
2/10/15,527.85,536.23,525.48,535.47,1749800.00
2/11/15,533.83,536.98,531.92,534.5,1377700.00
2/12/15,535.78,543.33,533.21,541.44,1620200.00
2/13/15,541.86,548.4,541.64,547.51,1900300.00
2/17/15,545.33,548.49,539.61,541.35,1616800.00
2/18/15,539.92,544,536.04,538.22,1453000.00
2/19/15,536.57,541.62,536.54,541.38,989100.00
2/20/15,541.64,542.26,534.33,537.47,1444300.00
2/23/15,534.58,534.97,527.96,530.45,1457800.00
2/24/15,528.55,535.32,526.8,534.62,1005000.00
2/25/15,534.43,544.72,533.98,542.38,1825900.00
2/26/15,541.72,554.62,540.02,553.96,2311500.00
2/27/15,552.72,563.16,551.39,556.87,2410100.00
3/2/15,559,570.58,557.22,569.78,2129600.00
3/3/15,568.89,573.81,564.97,572.07,1704700.00
3/4/15,570.3,575.53,566.45,571.8,1876800.00
3/5/15,573.45,576.33,571.84,573.75,1389600.00
3/6/15,573.31,575.1,565.21,566.13,1659100.00
3/9/15,565.31,568.71,561.99,567.29,1062100.00
3/10/15,562.71,563.3,553.21,553.49,1792300.00
3/11/15,553.62,556.61,549.17,549.67,1820700.00
3/12/15,551.99,554.85,548.95,553.99,1389600.00
3/13/15,551.98,556.87,542.73,545.82,1703500.00
3/16/15,549.44,555.33,544.51,552.99,1640900.00
3/17/15,550.2,552.28,546.5,549.33,1805500.00
3/18/15,550.99,558.25,545.5,557.97,2134500.00
3/19/15,557.86,559.26,554.62,556.46,1197200.00
3/20/15,560.11,560.18,557.52,558.83,2616800.00
3/23/15,558.9,560.82,554.31,557.28,1643800.00
3/24/15,561.02,573.02,559.67,568.63,2583200.00
3/25/15,568.94,570.69,557.21,557.26,2152200.00
3/26/15,556.06,557.37,549.14,553.65,1572600.00
3/27/15,551.49,553.76,546.63,546.84,1897400.00
3/30/15,550.11,551.95,546.67,550.52,1287500.00
3/31/15,548.49,553.19,545.22,546.5,1588000.00
4/1/15,547.1,549.63,538.02,541.07,1963000.00
4/2/15,539.37,539.37,532.39,534.06,1716300.00
4/6/15,530.76,536.94,528.12,535.3,1324400.00
4/7/15,536.61,541.2,534.53,535.55,1302800.00
4/8/15,536.91,542.36,536.91,540.13,1178500.00
4/9/15,539.55,540.47,534.02,539.3,1557800.00
4/10/15,540.81,540.81,535.84,538.53,1409400.00
4/13/15,536.94,542.57,535.84,537.69,1645300.00
4/14/15,534.78,536.1,526.65,528.94,2604100.00
4/15/15,527.25,533.27,521.79,531.07,2318800.00
4/16/15,528.45,534.12,528.16,532.34,1299800.00
4/17/15,527.21,528.39,519.58,522.62,2151800.00
4/20/15,524.16,534.62,523.06,533.91,1679200.00
4/21/15,536.04,537.91,532.21,532.51,1844700.00
4/22/15,532.94,539.6,530.29,537.89,1593500.00
4/23/15,539.52,549.45,538.75,545.5,4184800.00
4/24/15,564.55,569.58,555.72,563.51,4932500.00
4/27/15,563.39,565.95,553.2,555.37,2398000.00
4/28/15,554.64,556.02,550.37,553.68,1491000.00
4/29/15,550.47,553.68,546.91,549.08,1698800.00
4/30/15,547.87,548.59,535.05,537.34,2082200.00
5/1/15,538.43,539.54,532.1,537.9,1768200.00
5/4/15,538.53,544.07,535.06,540.78,1308000.00
5/5/15,538.21,539.74,530.39,530.8,1383100.00
5/6/15,531.24,532.38,521.09,524.22,1567000.00
5/7/15,523.99,533.46,521.75,530.7,1546300.00
5/8/15,536.65,541.15,525,538.22,1527600.00
5/11/15,538.37,541.98,535.4,535.7,905300.00
5/12/15,531.6,533.21,525.26,529.04,1634200.00
5/13/15,530.56,534.32,528.66,529.62,1252300.00
5/14/15,533.77,539,532.41,538.4,1403900.00
5/15/15,539.18,539.27,530.38,533.85,1971300.00
5/18/15,532.01,534.82,528.85,532.3,2003400.00
5/19/15,533.98,540.66,533.04,537.36,1966900.00
5/20/15,538.49,542.92,532.97,539.27,1430800.00
5/21/15,537.95,543.84,535.98,542.51,1462700.00
5/22/15,540.15,544.19,539.51,540.11,1176200.00
5/26/15,538.12,539,529.88,532.32,2406500.00
5/27/15,532.8,540.55,531.71,539.79,1525000.00
5/28/15,538.01,540.61,536.25,539.78,1029800.00
5/29/15,537.37,538.63,531.45,532.11,2597400.00
6/1/15,536.79,536.79,529.76,533.99,1904300.00
6/2/15,532.93,543,531.33,539.18,1939000.00
6/3/15,539.91,543.5,537.11,540.31,1714500.00
6/4/15,537.76,540.59,534.32,536.7,1348300.00
6/5/15,536.35,537.2,532.52,533.33,1388200.00
6/8/15,533.31,534.12,526.24,526.83,1520600.00
6/9/15,527.56,529.2,523.01,526.69,1455300.00
6/10/15,529.36,538.36,529.35,536.69,1815000.00
6/11/15,538.42,538.98,533.02,534.61,1217500.00
6/12/15,531.6,533.12,530.16,532.33,955800.00
6/15/15,528,528.3,524,527.2,1632700.00
6/16/15,528.4,529.64,525.56,528.15,1071800.00
6/17/15,529.37,530.98,525.1,529.26,1294200.00
6/18/15,531,538.15,530.79,536.73,1833100.00
6/19/15,537.21,538.25,533.01,536.69,1893500.00
6/22/15,539.59,543.74,537.53,538.19,1250300.00
6/23/15,539.64,541.5,535.25,540.48,1197500.00
6/24/15,540,540,535.66,537.84,1286600.00
6/25/15,538.87,540.9,535.23,535.23,1335700.00
6/26/15,537.26,537.76,531.35,531.69,2109100.00
6/29/15,525.01,528.61,520.54,521.52,1937800.00
6/30/15,526.02,526.25,520.5,520.51,2217200.00
7/1/15,524.73,525.69,518.23,521.84,1961000.00
7/2/15,521.08,524.65,521.08,523.4,1235900.00
7/6/15,519.5,525.25,519,522.86,1280500.00
7/7/15,523.13,526.18,515.18,525.02,1597200.00
7/8/15,521.05,522.73,516.11,516.83,1296700.00
7/9/15,523.12,523.77,520.35,520.68,1839400.00
7/10/15,526.29,532.56,525.55,530.13,1956700.00
7/13/15,532.88,547.11,532.4,546.55,2206500.00
7/14/15,546.76,565.85,546.71,561.1,3244100.00
7/15/15,560.13,566.5,556.79,560.22,1784600.00
7/16/15,565.12,580.68,565,579.85,4768300.00
7/17/15,649,674.47,645,672.93,11164900.00
7/20/15,659.24,668.88,653.01,663.02,5860900.00
7/21/15,655.21,673,654.3,662.3,3377200.00
7/22/15,660.89,678.64,659,662.1,3929300.00
7/23/15,661.27,663.63,641,644.28,3029100.00
7/24/15,647,648.17,622.52,623.56,3625700.00
7/27/15,621,634.3,620.5,627.26,2675400.00
7/28/15,632.83,632.83,623.31,628,1727300.00
7/29/15,628.8,633.36,622.65,631.93,1575100.00
7/30/15,630,635.22,622.05,632.59,1474200.00
7/31/15,631.38,632.91,625.5,625.61,1706100.00
8/3/15,625.34,633.06,625.34,631.21,1304500.00
8/4/15,628.42,634.81,627.16,629.25,1490900.00
8/5/15,634.33,647.86,633.16,643.78,2334300.00
8/6/15,645,645.38,632.25,642.68,1572600.00
8/7/15,640.23,642.68,629.71,635.3,1403900.00
8/10/15,639.48,643.44,631.25,633.73,1809200.00
8/11/15,669.2,674.9,654.27,660.78,5029200.00
8/12/15,663.08,665,652.29,659.56,2936700.00
8/13/15,659.32,664.5,651.66,656.45,1810700.00
8/14/15,655.01,659.85,652.66,657.12,1072100.00
8/17/15,656.8,661.38,651.24,660.87,1051700.00
8/18/15,661.9,664,653.46,656.13,1456100.00
8/19/15,656.6,667,654.19,660.9,2131600.00
8/20/15,655.46,662.99,642.9,646.83,2855300.00
8/21/15,639.78,640.05,612.33,612.48,4265200.00
8/24/15,573,599.33,565.05,589.61,5770300.00
8/25/15,614.91,617.45,581.11,582.06,3538000.00
8/26/15,610.35,631.71,599.05,628.62,4235900.00
8/27/15,639.4,643.59,622,637.61,3491300.00
8/28/15,632.82,636.88,624.56,630.38,1978700.00
8/31/15,627.54,635.8,617.68,618.25,2176700.00
9/1/15,602.36,612.86,594.1,597.79,3702100.00
9/2/15,605.59,614.34,599.71,614.34,2575600.00
9/3/15,617,619.71,602.82,606.25,1759600.00
9/4/15,600,603.47,595.25,600.7,2089000.00
9/8/15,612.49,616.31,604.12,614.66,2279500.00
9/9/15,621.22,626.52,609.6,612.72,1702100.00
9/10/15,613.1,624.16,611.43,621.35,1905300.00
9/11/15,619.75,625.78,617.42,625.77,1373500.00
9/14/15,625.7,625.86,619.43,623.24,1702300.00
9/15/15,626.7,638.7,623.78,635.14,2084400.00
9/16/15,635.47,637.95,632.32,635.98,1286500.00
9/17/15,637.79,650.9,635.02,642.9,2274700.00
9/18/15,636.79,640,627.02,629.25,5133400.00
9/21/15,634.4,636.49,625.94,635.44,1788500.00
9/22/15,627,627.55,615.43,622.69,2562900.00
9/23/15,622.05,628.93,620,622.36,1470900.00
9/24/15,616.64,627.32,612.4,625.8,2240100.00
9/25/15,629.77,629.77,611,611.97,2174000.00
9/28/15,610.34,614.6,589.38,594.89,3127700.00
9/29/15,597.28,605,590.22,594.97,2309500.00
9/30/15,603.28,608.76,600.73,608.42,2413400.00
10/1/15,608.37,612.09,599.85,611.29,1867600.00
10/2/15,607.2,627.34,603.13,626.91,2684800.00
10/5/15,632,643.01,627,641.47,1803600.00
10/6/15,638.84,649.25,636.53,645.44,2166300.00
10/7/15,649.24,650.61,632.15,642.36,2092700.00
10/8/15,641.36,644.45,625.56,639.16,2182100.00
10/9/15,640,645.99,635.32,643.61,1648700.00
10/12/15,642.09,648.5,639.01,646.67,1275200.00
10/13/15,643.15,657.81,643.15,652.3,1807700.00
10/14/15,653.21,659.39,648.85,651.16,1415500.00
10/15/15,654.66,663.13,654.46,661.74,1885700.00
10/16/15,664.11,664.97,657.2,662.2,1611100.00
10/19/15,661.18,666.82,659.58,666.1,1477300.00
10/20/15,664.04,664.72,644.2,650.28,2490000.00
10/21/15,654.15,655.87,641.73,642.61,1791100.00
10/22/15,646.7,657.8,644.01,651.79,4071000.00
10/23/15,727.5,730,701.5,702,6653900.00
10/26/15,701.55,719.15,701.26,712.78,2716600.00
10/27/15,707.38,713.62,704.55,708.49,2245800.00
10/28/15,707.33,712.98,703.08,712.95,2178900.00
10/29/15,710.5,718.26,710.01,716.92,1456000.00
10/30/15,715.73,718,710.05,710.81,1908800.00
11/2/15,711.06,721.62,705.85,721.11,1886300.00
11/3/15,718.86,724.65,714.72,722.16,1565400.00
11/4/15,722,733.1,721.9,728.11,1706700.00
11/5/15,729.47,739.48,729.47,731.25,1861600.00
11/6/15,731.5,735.41,727.01,733.76,1511600.00
11/9/15,730.2,734.71,719.43,724.89,2069800.00
11/10/15,724.4,730.59,718.5,728.32,1608000.00
11/11/15,732.46,741,730.23,735.4,1366400.00
11/12/15,731,737.8,728.65,731.23,1837200.00
11/13/15,729.17,731.15,716.73,717,2075500.00
11/16/15,715.6,729.49,711.33,728.96,1905900.00
11/17/15,729.29,731.84,723.03,725.3,1510900.00
11/18/15,727.58,741.41,727,740,1684300.00
11/19/15,738.74,742,737.43,738.41,1327100.00
11/20/15,746.53,757.92,743,756.6,2212300.00
11/23/15,757.45,762.71,751.82,755.98,1414500.00
11/24/15,752,755.28,737.63,748.28,2333100.00
11/25/15,748.14,752,746.06,748.15,1122100.00
11/27/15,748.46,753.41,747.49,750.26,838500.00
11/30/15,748.81,754.93,741.27,742.6,2097600.00
12/1/15,747.11,768.95,746.7,767.04,2134600.00
12/2/15,768.9,775.96,758.96,762.38,2230400.00
12/3/15,766.01,768.99,745.63,752.54,2590600.00
12/4/15,753.1,768.49,750,766.81,2757300.00
12/7/15,767.77,768.73,755.09,763.25,1812300.00
12/8/15,757.89,764.8,754.2,762.37,1829500.00
12/9/15,759.17,764.23,737,751.61,2700000.00
12/10/15,752.85,755.85,743.83,749.46,1984900.00
12/11/15,741.16,745.71,736.75,738.87,2224400.00
12/14/15,741.79,748.73,724.17,747.77,2412500.00
12/15/15,753,758.08,743.01,743.4,2666200.00
12/16/15,750,760.59,739.43,758.09,1993300.00
12/17/15,762.42,762.68,749,749.43,1553400.00
12/18/15,746.51,754.13,738.15,739.31,3148700.00
12/21/15,746.13,750,740,747.77,1525700.00
12/22/15,751.65,754.85,745.53,750,1365400.00
12/23/15,753.47,754.21,744,750.31,1565900.00
12/24/15,749.55,751.35,746.62,748.4,527200.00
12/28/15,752.92,762.99,749.52,762.51,1515300.00
12/29/15,766.69,779.98,766.43,776.6,1765000.00
12/30/15,776.6,777.6,766.9,771,1293300.00
12/31/15,769.5,769.5,758.34,758.88,1489600.00
1/4/16,743,744.06,731.26,741.84,3272800.00
1/5/16,746.45,752,738.64,742.58,1950700.00
1/6/16,730,747.18,728.92,743.62,1947000.00
1/7/16,730.31,738.5,719.06,726.39,2963700.00
1/8/16,731.45,733.23,713,714.47,2450900.00
1/11/16,716.61,718.85,703.54,716.03,2090600.00
1/12/16,721.68,728.75,717.32,726.07,2024500.00
1/13/16,730.85,734.74,698.61,700.56,2501700.00
1/14/16,705.38,721.92,689.1,714.72,2225800.00
1/15/16,692.29,706.74,685.37,694.45,3592400.00
1/19/16,703.3,709.98,693.41,701.79,2268100.00
1/20/16,688.61,706.85,673.26,698.45,3445000.00
1/21/16,702.18,719.19,694.46,706.59,2412200.00
1/22/16,723.6,728.13,720.12,725.25,2011800.00
1/25/16,723.58,729.68,710.01,711.67,1711700.00
1/26/16,713.85,718.28,706.48,713.04,1331700.00
1/27/16,713.67,718.23,694.39,699.99,2194200.00
1/28/16,722.22,733.69,712.35,730.96,2676400.00
1/29/16,731.53,744.99,726.8,742.95,3474300.00
2/1/16,750.46,757.86,743.27,752,5139200.00
2/2/16,784.5,789.87,764.65,764.65,6348100.00
2/3/16,770.22,774.5,720.5,726.95,6171000.00
2/4/16,722.81,727,701.86,708.01,5168700.00
2/5/16,703.87,703.99,680.15,683.57,5105700.00
2/8/16,667.85,684.03,663.06,682.74,4247400.00
2/9/16,672.32,699.9,668.77,678.11,3608900.00
2/10/16,686.86,701.31,682.13,684.12,2638000.00
2/11/16,675,689.35,668.87,683.11,3024000.00
2/12/16,690.26,693.75,678.6,682.4,2141400.00
2/16/16,692.98,698,685.05,691,2520000.00
2/17/16,698.09,709.75,691.38,708.4,2492600.00
2/18/16,710,712.35,696.03,697.35,1883200.00
2/19/16,695.03,703.08,694.05,700.91,1589300.00
2/22/16,707.45,713.24,702.51,706.46,1949800.00
2/23/16,701.45,708.4,693.58,695.85,2009300.00
2/24/16,688.92,700,680.78,699.56,1963600.00
2/25/16,700.01,705.98,690.59,705.75,1642200.00
2/26/16,708.58,713.43,700.86,705.07,2243500.00
2/29/16,700.32,710.89,697.68,697.77,2481100.00
3/1/16,703.62,718.81,699.77,718.81,2151400.00
3/2/16,719,720,712,718.85,1629000.00
3/3/16,718.68,719.45,706.02,712.42,1958000.00
3/4/16,714.99,716.49,706.02,710.89,1972100.00
3/7/16,706.9,708.09,686.9,695.16,2985100.00
3/8/16,688.59,703.79,685.34,693.97,2076300.00
3/9/16,698.47,705.68,694,705.24,1421500.00
3/10/16,708.12,716.44,703.36,712.82,2833500.00
3/11/16,720,726.92,717.13,726.82,1970800.00
3/14/16,726.81,735.5,725.15,730.49,1718300.00
3/15/16,726.92,732.29,724.77,728.33,1721000.00
3/16/16,726.37,737.47,724.51,736.09,1624400.00
3/17/16,736.45,743.07,736,737.78,1860800.00
3/18/16,741.86,742,731.83,737.6,2980700.00
3/21/16,736.5,742.5,733.52,742.09,1836500.00
3/22/16,737.46,745,737.46,740.75,1269700.00
3/23/16,742.36,745.72,736.15,738.06,1432100.00
3/24/16,732.01,737.75,731,735.3,1594900.00
3/28/16,736.79,738.99,732.5,733.53,1301300.00
3/29/16,734.59,747.25,728.76,744.77,1903800.00
3/30/16,750.1,757.88,748.74,750.53,1782400.00
3/31/16,749.25,750.85,740.94,744.95,1718800.00
4/1/16,738.6,750.34,737,749.91,1576700.00
4/4/16,750.06,752.8,742.43,745.29,1134200.00
4/5/16,738,742.8,735.37,737.8,1132300.00
4/6/16,735.77,746.24,735.56,745.69,1053700.00
4/7/16,745.37,747,736.28,740.28,1453200.00
4/8/16,743.97,745.45,735.55,739.15,1290800.00
4/11/16,743.02,745,736.05,736.1,1220100.00
4/12/16,738,743.83,731.01,743.09,1353000.00
4/13/16,749.16,754.38,744.26,751.72,1707100.00
4/14/16,754.01,757.31,752.71,753.2,1135300.00
4/15/16,753.98,761,752.69,759,1809300.00
4/18/16,760.46,768.05,757.3,766.61,1556000.00
4/19/16,769.51,769.9,749.33,753.93,2030500.00
4/20/16,758,758.13,750.01,752.67,1529200.00
4/21/16,755.38,760.45,749.55,759.14,3060500.00
4/22/16,726.3,736.12,713.61,718.77,5951900.00
4/25/16,716.1,723.93,715.59,723.15,1959200.00
4/26/16,725.42,725.77,703.03,708.14,2744600.00
4/27/16,707.29,708.98,692.36,705.84,3098600.00
4/28/16,708.26,714.17,689.55,691.02,2867300.00
4/29/16,690.7,697.62,689,693.01,2487700.00
5/2/16,697.63,700.64,691,698.21,1645300.00
5/3/16,696.87,697.84,692,692.36,1543800.00
5/4/16,690.49,699.75,689.01,695.7,1693500.00
5/5/16,697.7,702.32,695.72,701.43,1683500.00
5/6/16,698.38,711.86,698.11,711.12,1826100.00
5/9/16,712,718.71,710,712.9,1510300.00
5/10/16,716.75,723.5,715.72,723.18,1569600.00
5/11/16,723.41,724.48,712.8,715.29,1692100.00
5/12/16,717.06,719.25,709,713.31,1360700.00
5/13/16,711.93,716.66,709.26,710.83,1314500.00
5/16/16,709.13,718.48,705.65,716.49,1317100.00
5/17/16,715.99,721.52,704.11,706.23,2001200.00
5/18/16,703.67,711.6,700.63,706.63,1766800.00
5/19/16,702.36,706,696.8,700.32,1670200.00
5/20/16,701.62,714.58,700.52,709.74,1828400.00
5/23/16,706.53,711.48,704.18,704.24,1330700.00
5/24/16,706.86,720.97,706.86,720.09,1929500.00
5/25/16,720.76,727.51,719.71,725.27,1629200.00
5/26/16,722.87,728.33,720.28,724.12,1576300.00
5/27/16,724.01,733.94,724,732.66,1974000.00
5/31/16,731.74,739.73,731.26,735.72,2129500.00
6/1/16,734.53,737.21,730.66,734.15,1253600.00
6/2/16,732.5,733.02,724.17,730.4,1341800.00
6/3/16,729.27,729.49,720.56,722.34,1226300.00
6/6/16,724.91,724.91,714.61,716.55,1565300.00
6/7/16,719.84,721.98,716.55,716.65,1336200.00
6/8/16,723.96,728.57,720.58,728.28,1583700.00
6/9/16,722.87,729.54,722.34,728.58,988900.00
6/10/16,719.47,725.89,716.43,719.41,1216400.00
6/13/16,716.51,725.44,716.51,718.36,1258900.00
6/14/16,716.48,722.47,713.12,718.27,1306100.00
6/15/16,719,722.98,717.31,718.92,1214500.00
6/16/16,714.91,716.65,703.26,710.36,1982500.00
6/17/16,708.65,708.82,688.45,691.72,3402400.00
6/20/16,698.77,702.48,693.41,693.71,2082500.00
6/21/16,698.4,702.77,692.01,695.94,1465600.00
6/22/16,699.06,700.86,693.08,697.46,1184300.00
6/23/16,697.45,701.95,687,701.87,2171400.00
6/24/16,675.17,689.4,673.45,675.22,4449000.00
6/27/16,671,672.3,663.28,668.26,2629000.00
6/28/16,678.97,680.33,673,680.04,2173800.00
6/29/16,683,687.43,681.41,684.11,1932600.00
6/30/16,685.47,692.32,683.65,692.1,1597700.00
7/1/16,692.2,700.65,692.13,699.21,1344700.00
7/5/16,696.06,696.94,688.88,694.95,1462600.00
7/6/16,689.98,701.68,689.09,697.77,1411900.00
7/7/16,698.08,698.2,688.22,695.36,1304200.00
7/8/16,699.5,705.71,696.43,705.63,1575200.00
7/11/16,708.05,716.51,707.24,715.09,1111800.00
7/12/16,719.12,722.94,715.91,720.64,1336900.00
7/13/16,723.62,724,716.85,716.98,935900.00
7/14/16,721.58,722.21,718.03,720.95,950200.00
7/15/16,725.73,725.74,719.05,719.85,1279300.00
7/18/16,722.71,736.13,721.19,733.78,1295500.00
7/19/16,729.89,736.99,729,736.96,1227500.00
7/20/16,737.33,742.13,737.1,741.19,1289700.00
7/21/16,740.36,741.69,735.83,738.63,1026300.00
7/22/16,741.86,743.24,736.56,742.74,1259800.00
7/25/16,740.67,742.61,737.5,739.77,1032400.00
7/26/16,739.04,741.69,734.27,738.42,1186700.00
7/27/16,738.28,744.46,737,741.77,1512500.00
7/28/16,747.04,748.65,739.3,745.91,3530200.00
7/29/16,772.71,778.55,766.77,768.79,3841500.00
8/1/16,761.09,780.43,761.09,772.88,2700500.00
8/2/16,768.69,775.84,767.85,771.07,1784500.00
8/3/16,767.18,773.21,766.82,773.18,1287400.00
8/4/16,772.22,774.07,768.79,771.61,1140300.00
8/5/16,773.78,783.04,772.34,782.22,1801200.00
8/8/16,782,782.63,778.09,781.76,1107900.00
8/9/16,781.1,788.94,780.57,784.26,1318900.00
8/10/16,783.75,786.81,782.78,784.68,786400.00
8/11/16,785,789.75,782.97,784.85,975100.00
8/12/16,781.5,783.4,780.4,783.22,740500.00
8/15/16,783.75,787.49,780.11,782.44,938200.00
8/16/16,780.3,780.98,773.44,777.14,1028000.00
8/17/16,777.32,780.81,773.53,779.91,924200.00
8/18/16,780.01,782.86,777,777.5,719400.00
8/19/16,775,777.1,773.13,775.42,861500.00
8/22/16,773.27,774.54,770.05,772.15,951400.00
8/23/16,775.48,776.44,771.78,772.08,928200.00
8/24/16,770.58,774.5,767.07,769.64,1072000.00
8/25/16,767,771.89,763.18,769.41,926900.00
8/26/16,769,776.08,765.85,769.54,1166700.00
8/29/16,768.74,774.99,766.61,772.15,847600.00
8/30/16,769.33,774.47,766.84,769.09,1130000.00
8/31/16,767.01,769.09,765.38,767.05,1248600.00
9/1/16,769.25,771.02,764.3,768.78,925100.00
9/2/16,773.01,773.92,768.41,771.46,1072700.00
9/6/16,773.45,782,771,780.08,1442800.00
9/7/16,780,782.73,776.2,780.35,893700.00
9/8/16,778.59,780.35,773.58,775.32,1270300.00
9/9/16,770.1,773.24,759.66,759.66,1885500.00
9/12/16,755.13,770.29,754,769.02,1311000.00
9/13/16,764.48,766.22,755.8,759.69,1395000.00
9/14/16,759.61,767.68,759.11,762.49,1087400.00
9/15/16,762.89,773.8,759.96,771.76,1305100.00
9/16/16,769.75,769.75,764.66,768.88,2049300.00
9/19/16,772.42,774,764.44,765.7,1172800.00
9/20/16,769,773.33,768.53,771.41,978600.00
9/21/16,772.66,777.16,768.3,776.22,1167800.00
9/22/16,780,789.85,778.44,787.21,1486200.00
9/23/16,786.59,788.93,784.15,786.9,1411900.00
9/26/16,782.74,782.74,773.07,774.21,1533200.00
9/27/16,775.5,785.99,774.31,783.01,1153200.00
9/28/16,777.85,781.81,774.97,781.56,1109800.00
9/29/16,781.44,785.8,774.23,775.01,1314700.00
9/30/16,776.33,780.94,774.09,777.29,1585300.00
10/3/16,774.25,776.07,769.5,772.56,1278800.00
10/4/16,776.03,778.71,772.89,776.43,1201400.00
10/5/16,779.31,782.07,775.65,776.47,1461200.00
10/6/16,779,780.48,775.54,776.86,1070700.00
10/7/16,779.66,779.66,770.75,775.08,933200.00
10/10/16,777.71,789.38,775.87,785.94,1174900.00
10/11/16,786.66,792.28,780.58,783.07,1372500.00
10/12/16,783.76,788.13,782.06,786.14,937400.00
10/13/16,781.22,781.22,773,778.19,1365300.00
10/14/16,781.65,783.95,776,778.53,852500.00
10/17/16,779.8,785.85,777.5,779.96,1093000.00
10/18/16,787.85,801.61,785.57,795.26,2056900.00
10/19/16,798.24,804.6,798.03,801.5,1766800.00
10/20/16,803.3,803.97,796.03,796.97,1757500.00
10/21/16,795,799.5,794,799.37,1266200.00
10/24/16,804.9,815.18,804.82,813.11,1697500.00
10/25/16,816.68,816.68,805.14,807.67,1576400.00
10/26/16,806.34,806.98,796.32,799.07,1647700.00
10/27/16,801,803.49,791.5,795.35,2749200.00
10/28/16,808.35,815.49,793.59,795.37,4269900.00
10/31/16,795.47,796.86,784,784.54,2427300.00
11/1/16,782.89,789.49,775.54,783.61,2406400.00
11/2/16,778.2,781.65,763.45,768.7,1872400.00
11/3/16,767.25,769.95,759.03,762.13,1943200.00
11/4/16,750.66,770.36,750.56,762.02,2134800.00
11/7/16,774.5,785.19,772.55,782.52,1585100.00
11/8/16,783.4,795.63,780.19,790.51,1366900.00
11/9/16,779.94,791.23,771.67,785.31,2607100.00
11/10/16,791.17,791.17,752.18,762.56,4745200.00
11/11/16,756.54,760.78,750.38,754.02,2431800.00
11/14/16,755.6,757.85,727.54,736.08,3654400.00
11/15/16,746.97,764.42,746.97,758.49,2384000.00
11/16/16,755.2,766.36,750.51,764.48,1472600.00
11/17/16,766.92,772.7,764.23,771.23,1304000.00
11/18/16,771.37,775,760,760.54,1547100.00
11/21/16,762.61,769.7,760.6,769.2,1330600.00
11/22/16,772.63,776.96,767,768.27,1593100.00
11/23/16,767.73,768.28,755.25,760.99,1478400.00
11/25/16,764.26,765,760.52,761.68,587400.00
11/28/16,760,779.53,759.8,768.24,2188200.00
11/29/16,771.53,778.5,768.24,770.84,1616600.00
11/30/16,770.07,772.99,754.83,758.04,2392900.00
12/1/16,757.44,759.85,737.03,747.92,3017900.00
12/2/16,744.59,754,743.1,750.5,1452500.00
12/5/16,757.71,763.9,752.9,762.52,1394200.00
12/6/16,764.73,768.83,757.34,759.11,1690700.00
12/7/16,761,771.36,755.8,771.19,1761000.00
12/8/16,772.48,778.18,767.23,776.42,1488100.00
12/9/16,780,789.43,779.02,789.29,1821900.00
12/12/16,785.04,791.25,784.35,789.27,2104100.00
12/13/16,793.9,804.38,793.34,796.1,2145200.00
12/14/16,797.4,804,794.01,797.07,1704200.00
12/15/16,797.34,803,792.92,797.85,1626500.00
12/16/16,800.4,800.86,790.29,790.8,2443800.00
12/19/16,790.22,797.66,786.27,794.2,1232100.00
12/20/16,796.76,798.65,793.27,796.42,951000.00
12/21/16,795.84,796.68,787.1,794.56,1211300.00
12/22/16,792.36,793.32,788.58,791.26,972200.00
12/23/16,790.9,792.74,787.28,789.91,623400.00
12/27/16,790.68,797.86,787.66,791.55,789100.00
12/28/16,793.7,794.23,783.2,785.05,1153800.00
12/29/16,783.33,785.93,778.92,782.79,744300.00
12/30/16,782.75,782.78,770.41,771.82,1770000.00